requete,formattage,lat,lng
"rue+Tournefort,Paris,France","Rue Tournefort, 75005 Paris, France",48.8428457,2.3482037
"rue+Saint-Victor,Paris,France","Rue Saint-Victor, 75005 Paris, France",48.8483527,2.3508662
"boulevard+Saint-Marcel,Paris,France","Boulevard Saint-Marcel, Paris, France",48.8384846,2.3570328
"place+Valhubert,Paris,France","Place Valhubert, Paris, France",48.8441953,2.3639672
"boulevard+de+Port-Royal,Paris,France","Boulevard de Port-Royal, Paris, France",48.8379869,2.3440153
"rue+de+l'Abbaye,Paris,France","Rue de l'Abbaye, 75006 Paris, France",48.8541567,2.3350087
"place+d'Acadie,Paris,France","Paris, France",48.856614,2.3522219
"cour+du+Commerce+Saint-Andre,Paris,France","Cours du Commerce Saint-Andre, 75006 Paris, France",48.85267899999999,2.3387945
"rue+d'Assas,Paris,France","Rue d'Assas, Paris, France",48.8452559,2.3320151
"rue+Jean+Bart,Paris,France","Rue Jean Bart, 75006 Paris, France",48.8474095,2.3309939
"cite+Charles+Godon,Paris,France","Cite Charles Godon, 75009 Paris, France",48.879234,2.3410103
"rue+Halevy,Paris,France","Rue Halevy, 75009 Paris, France",48.8720346,2.3327264
"rue+Pierre+Haret,Paris,France","Rue Pierre Haret, 75009 Paris, France",48.883743,2.3304851
"rue+Henner,Paris,France","Rue Henner, 75009 Paris, France",48.880376,2.3330919
"rue+Joubert,Paris,France","Rue Joubert, 75009 Paris, France",48.8746575,2.3305365
"place+Kossuth,Paris,France","Place Kossuth, 75009 Paris, France",48.8760219,2.3401833
"rue+Lentonnet,Paris,France","Rue Lentonnet, 75009 Paris, France",48.879966,2.3475262
"square+de+Maubeuge,Paris,France","Square de Maubeuge, 75009 Paris, France",48.8785671,2.3464525
"rue+du+Cardinal+Mercier,Paris,France","Rue du Cardinal Mercier, 75009 Paris, France",48.8812347,2.3301231
"rue+Milton,Paris,France","Rue Milton, 75009 Paris, France",48.8782143,2.3410515
"rue+Thimonnier,Paris,France","Rue Thimonnier, 75009 Paris, France",48.8801651,2.3462465
"cite+de+Trevise,Paris,France","Cite de Trevise, 75009 Paris, France",48.87497219999999,2.3466978
"rue+de+la+Trinite,Paris,France","Rue de la Trinite, 75009 Paris, France",48.8776034,2.3309423
"place+Lino+Ventura,Paris,France","Place Lino Ventura, 75009 Paris, France",48.8805801,2.3404516
"passage+Verdeau,Paris,France","Passage Verdeau, 75009 Paris, France",48.8734725,2.3422981
"rue+de+la+Victoire,Paris,France","Rue de la Victoire, 75009 Paris, France",48.87521570000001,2.3352215
"rue+d'Abbeville,Paris,France","Rue d'Abbeville, Paris, France",48.8785372,2.3505639
"rue+de+Dunkerque,Paris,France","Rue de Dunkerque, Paris, France",48.8807242,2.3516484
"boulevard+de+Clichy,Paris,France","Boulevard de Clichy, Paris, France",48.8833209,2.3337632
"boulevard+du+Commandant+Charcot,Paris,France","Boulevard du Commandant Charcot, Paris, France",48.8771887,2.2567102
"rue+de+l'Essai,Paris,France","Rue de l'Essai, 75005 Paris, France",48.8390295,2.3585175
"rue+de+la+Harpe,Paris,France","Rue de la Harpe, 75005 Paris, France",48.8522158,2.344457
"rue+du+Puits+de+L'Ermite,Paris,France","Rue du Puits de l'Ermite, 75005 Paris, France",48.8422002,2.3526616
"square+Lagarde,Paris,France","Square Lagarde, 75005 Paris, France",48.84063889999999,2.347958
"rue+Lagarde,Paris,France","Rue Lagarde, 75005 Paris, France",48.8404918,2.3476982
"rue+Larrey,Paris,France","Rue Larrey, 75005 Paris, France",48.8423628,2.3535872
"rue+de+Latran,Paris,France","Rue de Latran, 75005 Paris, France",48.8496941,2.3464811
"rue+Gay-Lussac,Paris,France","Rue Gay-Lussac, 75005 Paris, France",48.844325,2.3420456
"place+Emile+Male,Paris,France","Place Emile Male, 75005 Paris, France",48.8449563,2.3532724
"rue+Malus,Paris,France","Rue Malus, 75005 Paris, France",48.843257,2.3527075
"rue+Theophile+Roussel,Paris,France","Rue Theophile Roussel, 75012 Paris, France",48.8499113,2.3767642
"rue+du+Colonel+Rozanoff,Paris,France","Rue du Colonel Rozanoff, 75012 Paris, France",48.8458518,2.387202
"place+Rutebeuf,Paris,France","Place Rutebeuf, 75012 Paris, France",48.8443227,2.3782356
"rue+de+la+Vega,Paris,France","Rue de la Vega, 75012 Paris, France",48.8383449,2.4051883
"square+de+la+Vendee,Paris,France","Square de la Vendee, 75012 Paris, France",48.8331482,2.399888
"allee+des+Vergers,Paris,France","Allee des Vergers, 75012 Paris, France",48.8337674,2.3961233
"cour+du+Chene+Vert,Paris,France","Cour du Chene Vert, 75012 Paris, France",48.8498125,2.3735397
"quai+d'Austerlitz,Paris,France","Quai d'Austerlitz, 75013 Paris, France",48.8408238,2.3694343
"rue+Jean+Antoine+de+Baif,Paris,France","Rue Jean Antoine de Baif, 75013 Paris, France",48.8273344,2.3832154
"passage+Barrault,Paris,France","Passage Barrault, 75013 Paris, France",48.828581,2.3487607
"impasse+Baudran,Paris,France","Impasse Baudran, 75013 Paris, France",48.8241447,2.3554562
"rue+de+Bellievre,Paris,France","Rue de Bellievre, 75013 Paris, France",48.8378069,2.3720997
"boulevard+Auguste+Blanqui,Paris,France","Boulevard Auguste Blanqui, Paris, France",48.830211,2.3474249
"passage+Boiton,Paris,France","Passage Boiton, 75013 Paris, France",48.82777129999999,2.3502315
"rue+Paul+Bourget,Paris,France","Rue Paul Bourget, 75013 Paris, France",48.8178278,2.3576026
"passage+Bourgoin,Paris,France","Passage Bourgoin, 75013 Paris, France",48.8244796,2.3690123
"rue+Boutin,Paris,France","Rue Boutin, 75013 Paris, France",48.8283345,2.3421322
"rue+de+la+Pointe+d'Ivry,Paris,France","Rue de la Pointe d'Ivry, 75013 Paris, France",48.8226879,2.364492
"rue+Damesme,Paris,France","Rue Damesme, 75013 Paris, France",48.8234393,2.3554395
"rue+Darmesteter,Paris,France","Rue Darmesteter, 75013 Paris, France",48.8228522,2.3753965
"rue+Jacques+Destree,Paris,France","Rue Jacques Destree, Paris, France",48.8167929,2.3547615
"voie+DG/13,Paris,France","13Z Voie Communale en 19, 75019 Paris, France",48.8997505,2.3780913
"voie+DO/13,Paris,France","13 Voie d'Issy, 92240 Malakoff, France",48.8138221,2.2798674
"passage+de+la+Vierge,Paris,France","Passage de la Vierge, 75007 Paris, France",48.8558004,2.3065915
"pont+de+l'Alma,Paris,France","Pont de l'Alma, Paris, France",48.8633633,2.3018604
"rue+Perignon,Paris,France","Rue Perignon, Paris, France",48.8474381,2.3082454
"avenue+de+La+Motte-Picquet,Paris,France","Avenue de la Motte-Picquet, 75007 Paris, France",48.85639889999999,2.3086164
"place+du+General+Brocard,Paris,France","Paris, France",48.856614,2.3522219
"rue+de+Bucarest,Paris,France","Rue de Bucarest, Paris, France",48.8806728,2.3261336
"rue+Lord+Byron,Paris,France","Rue Lord Byron, 75008 Paris, France",48.8732149,2.3002032
"avenue+Cesar+Caire,Paris,France","Avenue Cesar Caire, 75008 Paris, France",48.8761679,2.3194579
"impasse+Molin,Paris,France","Impasse Molin, 75018 Paris, France",48.89057400000001,2.3643059
"avenue+de+la+Porte+de+Montmartre,Paris,France","Avenue de la Porte de Montmartre, 75018 Paris, France",48.8995666,2.3360224
"rue+Hegesippe+Moreau,Paris,France","Rue Hegesippe Moreau, 75018 Paris, France",48.8871751,2.327166800000001
"voie+N/18,Paris,France","18 Voie Georges Pompidou, 75004 Paris, France",48.8542123,2.3548901
"place+Nattier,Paris,France","Place Nattier, 75018 Paris, France",48.8901671,2.333091
"rue+Gerard+De+Nerval,Paris,France","Rue Gerard de Nerval, 75018 Paris, France",48.8997894,2.3347372
"rue+Arthur+Ranc,Paris,France","Rue Arthur Ranc, 75018 Paris, France",48.8983547,2.3338631
"impasse+Robert,Paris,France","Impasse Robert, 75018 Paris, France",48.8949674,2.3390223
"rue+des+Roses,Paris,France","Rue des Roses, 75018 Paris, France",48.8932501,2.3614251
"rue+Desire+Ruggieri,Paris,France","Rue Desire Ruggieri, 75018 Paris, France",48.8944538,2.3353363
"rue+Saint-Rustique,Paris,France","Rue Saint-Rustique, 75018 Paris, France",48.8870436,2.3405132
"rue+Frederic+Schneider,Paris,France","Rue Frederic Schneider, 75018 Paris, France",48.8987254,2.3388491
"rue+de+Sofia,Paris,France","Rue de Sofia, 75018 Paris, France",48.8848452,2.348057
"rue+Yvonne+le+Tac,Paris,France","Rue Yvonne le Tac, 75018 Paris, France",48.8841461,2.3400375
"rue+Tourlaque,Paris,France","Rue Tourlaque, 75018 Paris, France",48.8877209,2.3330294
"rue+Tristan+Tzara,Paris,France","Rue Tristan Tzara, 75018 Paris, France",48.8950227,2.3641589
"rue+Saint-Vincent,Paris,France","Rue Saint-Vincent, 75018 Paris, France",48.8884951,2.3407782
"rue+Felix+Ziem,Paris,France","Rue Felix Ziem, 75018 Paris, France",48.8897464,2.3332468
"rue+Villiers+de+l'Isle+Adam,Paris,France","Rue Villiers de l'Isle Adam, 75020 Paris, France",48.8676267,2.3965416
"voie+AH/20,Paris,France","Paris, France",48.856614,2.3522219
"rue+des+Amandiers,Paris,France","Rue des Amandiers, 75020 Paris, France",48.86574880000001,2.3897589
"voie+AO/20,Paris,France","Paris, France",48.856614,2.3522219
"cite+Aubry,Paris,France","Cite Aubry, 75020 Paris, France",48.85739359999999,2.3964355
"place+de+la+Porte+de+Bagnolet,Paris,France","Place de la Porte de Montreuil, 75020 Paris, France",48.8542326,2.4129346
"passage+Beaufils,Paris,France","Passage Beaufils, 75020 Paris, France",48.8524241,2.405185700000001
"place+Maurice+Chevalier,Paris,France","Place Maurice Chevalier, 94130 Nogent-sur-Marne, France",48.8321198,2.4905784
"impasse+des+Chevaliers,Paris,France","Impasse des Chevaliers, 75020 Paris, France",48.87197399999999,2.3965359
"rue+de+la+Chine,Paris,France","Rue de la Chine, 75020 Paris, France",48.8674863,2.398849
"voie+CJ/20,Paris,France","Paris, France",48.856614,2.3522219
"rue+du+Clos,Paris,France","Rue du Clos, 75020 Paris, France",48.8575859,2.4074187
"villa+des+Trois+Couronnes,Paris,France","Villa des 3 Couronnes, 75020 Paris, France",48.8698075,2.3815928
"rue+Delaitre,Paris,France","Rue Delaitre, 75020 Paris, France",48.86746669999999,2.3873769
"rue+Desiree,Paris,France","Rue Desiree, 75020 Paris, France",48.86452,2.3920979
"voie+DM/20,Paris,France","Paris, France",48.856614,2.3522219
"cite+Dubourg,Paris,France","Cite Dubourg, 75020 Paris, France",48.86268459999999,2.4011002
"villa+Georgina,Paris,France","Villa Georgina, 75020 Paris, France",48.8717632,2.3977329
"avenue+du+Docteur+Gley,Paris,France","Avenue du Dr Gley, 75020 Paris, France",48.8769912,2.4110929
"villa+Godin,Paris,France","Villa Godin, 75020 Paris, France",48.8591145,2.4006203
"place+des+Gres,Paris,France","Place des Gres, 75020 Paris, France",48.85903400000001,2.4058958
"rue+du+Guignier,Paris,France","Rue du Guignier, 75020 Paris, France",48.8714448,2.3933887
"villa+Hardy,Paris,France","Villa Hardy, 75020 Paris, France",48.86230490000001,2.4009579
"rue+Felix+Huguenet,Paris,France","Rue Felix Huguenet, 75020 Paris, France",48.8489176,2.4050247
"voie+I/20,Paris,France","Voie V 20, 75020 Paris, France",48.870057,2.390096
"rue+de+l'Indre,Paris,France","Rue de l'Indre, 75020 Paris, France",48.8629963,2.4036371
"rue+du+Japon,Paris,France","Rue du Japon, 75020 Paris, France",48.86493369999999,2.4001225
"rue+de+la+Roquette,Paris,France","Rue de la Roquette, 75011 Paris, France",48.8571536,2.3789162
"rue+Saint-Sabin,Paris,France","Rue Saint-Sabin, 75011 Paris, France",48.8571359,2.3701655
"rue+Scarron,Paris,France","Rue Scarron, 75003 Paris, France",48.8585958,2.3684367
"square+Servan,Paris,France","Square Servan, 75011 Paris, France",48.8609155,2.3826143
"passage+des+Taillandiers,Paris,France","Passage des Taillandiers, 75011 Paris, France",48.8538813,2.3748389
"passage+du+Trone,Paris,France","Passage du Trone, 75011 Paris, France",48.84945880000001,2.398365
"rue+Trousseau,Paris,France","Rue Trousseau, Paris, France",48.8520608,2.37896
"impasse+Truillot,Paris,France","Impasse Truillot, 75011 Paris, France",48.8602993,2.3744606
"rue+La+Vacquerie,Paris,France","Rue la Vacquerie, 75011 Paris, France",48.8578784,2.3851873
"rue+Jules+Valles,Paris,France","Rue Jules Valles, 75011 Paris, France",48.8536522,2.3851853
"rue+Bignon,Paris,France","Rue Bignon, 75012 Paris, France",48.840629,2.3884894
"passage+de+la+Boule+Blanche,Paris,France","Passage de la Boule Blanche, 75012 Paris, France",48.8517312,2.3726131
"route+de+Bourbon,Paris,France","Route de Bourbon, 75012 Paris, France",48.8280048,2.4438783
"place+du+Colonel+Bourgoin,Paris,France","Place du Colonel Bourgoin, 75012 Paris, France",48.8447416,2.3833424
"rue+Jean+Bouton,Paris,France","Rue Jean Bouton, 75012 Paris, France",48.8457465,2.3765026
"rue+Louis+Braille,Paris,France","Rue Louis Braille, 75012 Paris, France",48.8397168,2.4025244
"allee+des+Buttes,Paris,France","Allee des Buttes, 75012 Paris, France",48.82567700000001,2.4274215
"boulevard+Carnot,Paris,France","Boulevard Carnot, 75012 Paris, France",48.8440816,2.413102
"voie+CD/12,Paris,France","Paris, France",48.856614,2.3522219
"voie+CF/12,Paris,France","Paris, France",48.856614,2.3522219
"voie+CL/12,Paris,France","12 Avenue la Voie Lactee, 92100 Boulogne-Billancourt, France",48.833367,2.2602664
"voie+CM/12,Paris,France","Paris, France",48.856614,2.3522219
"avenue+de+Corbera,Paris,France","Avenue de Corbera, 75012 Paris, France",48.8459165,2.3824
"voie+CR/12,Paris,France","12 Avenue la Voie Lactee, 92100 Boulogne-Billancourt, France",48.8333672,2.2602665
"rue+Paul+Crampel,Paris,France","Rue Paul Crampel, 75012 Paris, France",48.84099579999999,2.4058645
"voie+CS/12,Paris,France","Paris, France",48.856614,2.3522219
"voie+CZ/12,Paris,France","Paris, France",48.856614,2.3522219
"carrefour+de+la+Patte+d'Oie,Paris,France","Carrefour de la Patte d'Oie, 75012 Paris, France",48.8217566,2.4422062
"villa+Daumesnil,Paris,France","Villa Daumesnil, 75012 Paris, France",48.8371243,2.4009912
"route+Dauphine,Paris,France","Route Dauphine, 75012 Paris, France",48.830913,2.4392012
"rue+Christian+Dewet,Paris,France","Rue Christian Dewet, 75012 Paris, France",48.8461446,2.3929617
"carrefour+de+la+Ferme+de+la+Faisanderie,Paris,France","Carrefour de la Ferme-de-la-Faisanderie, 75012 Paris, France",48.82382519999999,2.4576991
"rue+Elie+Faure,Paris,France","Rue Elie Faure, Paris, France",48.8459976,2.4157376
"impasse+de+la+Vallee+de+Fecamp,Paris,France","Impasse de la Vallee de Fecamp, 75012 Paris, France",48.8348969,2.3988304
"place+Maurice+De+Fontenay,Paris,France","Place Maurice de Fontenay, 75012 Paris, France",48.84504769999999,2.3885728
"rue+Lamblardie,Paris,France","Rue Lamblardie, 75012 Paris, France",48.8398914,2.3964683
"avenue+Lamoriciere,Paris,France","Avenue Lamoriciere, 75012 Paris, France",48.8452513,2.412418
"avenue+du+General+Laperrine,Paris,France","Avenue du General Laperrine, 75012 Paris, France",48.8341483,2.4072444
"route+Lemoine,Paris,France","Route Lemoine, 75012 Paris, France",48.83939119999999,2.4218508
"route+de+la+Demi+Lune,Paris,France","Route de la Demi Lune, 75012 Paris, France",48.8238444,2.4395527
"villa+de+Saint-Mande,Paris,France","Lac de Saint-Mande, 75012 Paris, France",48.8418593,2.423213
"route+du+Champ+de+Manoeuvres,Paris,France","Route du Champ de Manoeuvres, 75012 Paris, France",48.8350752,2.4507951
"route+du+Grand+Marechal,Paris,France","Route du Grand Marechal, 75012 Paris, France",48.8408293,2.4577925
"place+Mazas,Paris,France","Place Mazas, 75012 Paris, France",48.8466556,2.3660474
"rue+Messidor,Paris,France","Rue Messidor, 75012 Paris, France",48.8402426,2.4034518
"cour+du+Ponant,Paris,France","Paris, France",48.856614,2.3522219
"boulevard+Poniatowski,Paris,France","Boulevard Poniatowski, Paris, France",48.8310657,2.3958792
"carrefour+de+la+Pyramide,Paris,France","Route de la Pyramide, Paris, France",48.8302112,2.4502342
"place+Edouard+Renard,Paris,France","Place Edouard Renard, 75012 Paris, France",48.8350753,2.407330200000001
"rue+de+la+Gare+de+Reuilly,Paris,France","Rue de la Gare de Reuilly, 75012 Paris, France",48.8418691,2.3957403
"rue+Mazarine,Paris,France","Rue Mazarine, 75006 Paris, France",48.8552766,2.3377524
"rue+Andre+Mazet,Paris,France","Rue Andre Mazet, 75006 Paris, France",48.8538203,2.3391287
"rue+de+Nesle,Paris,France","Rue de Nesle, 75006 Paris, France",48.8551899,2.3391191
"rue+de+Nevers,Paris,France","Rue de Nevers, 75006 Paris, France",48.85578580000001,2.3394434
"carrefour+de+l'Odeon,Paris,France","Carrefour de l'Odeon, 75006 Paris, France",48.85181,2.3387131
"passage+de+Verdun,Paris,France","Passage de Verdun, 75019 Paris, France",48.8877915,2.3814058
"passage+Wattieaux,Paris,France","Passage Wattieaux, 75019 Paris, France",48.8941104,2.3751297
"voie+Y/19,Paris,France","19 Voie Georges Pompidou, 75004 Paris, France",48.85420999999999,2.354896
"avenue+de+la+Porte+des+Lilas,Paris,France","Avenue de la Porte des Lilas, Paris, France",48.8780748,2.4097219
"voie+AD/15,Paris,France","15 Voie d'Issy, 92240 Malakoff, France",48.8129704,2.2803882
"rue+du+Mont+Aigoual,Paris,France","Rue du Mont Aigoual, 75015 Paris, France",48.8427011,2.275403
"passage+Alexandre,Paris,France","Passage Alexandre, 75015 Paris, France",48.84026249999999,2.315565
"rue+Saint-Amand,Paris,France","Rue Saint-Amand, 75015 Paris, France",48.8350732,2.3078849
"rue+Balard,Paris,France","Rue Balard, 75015 Paris, France",48.8413712,2.2778161
"rue+du+Bessin,Paris,France","Rue du Bessin, 75015 Paris, France",48.8309692,2.3057939
"rue+Chauvelot,Paris,France","Rue Chauvelot, 75015 Paris, France",48.8290838,2.3025019
"place+Albert+Cohen,Paris,France","Place Albert Cohen, 75015 Paris, France",48.8395431,2.2726885
"rue+Francois+Coppee,Paris,France","Rue Francois Coppee, 75015 Paris, France",48.8400908,2.2876581
"rue+Corbon,Paris,France","Rue Corbon, 75015 Paris, France",48.8362081,2.3030374
"rue+Cournot,Paris,France","Rue Cournot, 75015 Paris, France",48.8401007,2.2930299
"square+du+Croisic,Paris,France","Square du Croisic, Paris, France",48.84567699999999,2.317291
"rue+de+Cronstadt,Paris,France","Rue de Cronstadt, 75015 Paris, France",48.83414510000001,2.3018319
"allee+des+Cygnes,Paris,France","Allee des Cygnes, Paris, France",48.8533804,2.2844271
"place+des+Martyrs+Juifs+du+Velodrome+d'Hiver,Paris,France","Paris, France",48.856614,2.3522219
"rue+Theodore+Deck,Paris,France","Rue Theodore Deck, 75015 Paris, France",48.8374113,2.2900872
"rue+de+l'Abbe+Roger+Derry,Paris,France","Rue de l'Abbe Roger Derry, 75015 Paris, France",48.850209,2.3015918
"impasse+Dombasle,Paris,France","Impasse Dombasle, 75015 Paris, France",48.8351263,2.3017719
"passage+Dombasle,Paris,France","Passage Dombasle, 75015 Paris, France",48.8359807,2.3007655
"rue+Jobbe+Duval,Paris,France","Rue Jobbe Duval, 75015 Paris, France",48.8346952,2.2987428
"passage+des+Ecoliers,Paris,France","Passage des Ecoliers, 75015 Paris, France",48.8448681,2.2918868
"port+de+Javel,Paris,France","Port de Javel Haut, 75015 Paris, France",48.8483173,2.2794286
"rue+Juge,Paris,France","Rue Juge, 75015 Paris, France",48.8499732,2.2927487
"rue+Labrouste,Paris,France","Rue Labrouste, 75015 Paris, France",48.8338824,2.3081202
"rue+Lakanal,Paris,France","Rue Lakanal, 75015 Paris, France",48.8441503,2.2948238
"rue+Houdart+De+Lamotte,Paris,France","Rue Houdart de Lamotte, 75015 Paris, France",48.8405287,2.2878914
"rue+de+Langeac,Paris,France","Rue de Langeac, 75015 Paris, France",48.8357507,2.2922373
"rue+Georges+Leclanche,Paris,France","Rue Georges Leclanche, 75015 Paris, France",48.836756,2.312321
"villa+Letellier,Paris,France","Villa Letellier, 75015 Paris, France",48.84791449999999,2.2951054
"rue+Lhuillier,Paris,France","Rue Lhuillier, 75015 Paris, France",48.83492589999999,2.296887
"villa+Robert+Lindet,Paris,France","Villa Robert Lindet, 75015 Paris, France",48.8337106,2.2965529
"rue+Pierre+Picard,Paris,France","Rue Pierre Picard, 75018 Paris, France",48.8847076,2.3460362
"rue+Piemontesi,Paris,France","Rue Piemontesi, 75018 Paris, France",48.8836215,2.338345
"rue+Germain+Pilon,Paris,France","Rue Germain Pilon, 75018 Paris, France",48.88403,2.3368175
"villa+Poissonniere,Paris,France","Villa Poissonniere, 75018 Paris, France",48.8855166,2.3513748
"passage+du+Poteau,Paris,France","Passage du Poteau, 75018 Paris, France",48.8974915,2.3365302
"rue+du+Pre,Paris,France","Rue du Pre, 75018 Paris, France",48.8971334,2.3603767
"rue+Calmels+Prolongee,Paris,France","Rue Calmels Prolongee, 75018 Paris, France",48.893926,2.3380449
"rue+Puget,Paris,France","Rue Puget, 75018 Paris, France",48.8839165,2.332985
"voie+Q/18,Paris,France","18 Voie Georges Pompidou, 75004 Paris, France",48.8542123,2.3548901
"rue+Louis+Pasteur+Vallery-Radot,Paris,France","Rue Louis Pasteur Vallery-Radot, 75018 Paris, France",48.9003384,2.3322995
"rue+Ronsard,Paris,France","Rue Ronsard, 75018 Paris, France",48.8852892,2.3444249
"villa+des+Roses,Paris,France","Villa des Roses, 75018 Paris, France",48.8935735,2.3598406
"rue+Gustave+Rouanet,Paris,France","Rue Gustave Rouanet, 75018 Paris, France",48.8963976,2.3403373
"place+du+Chateau+Rouge,Paris,France","Place du Chateau Rouge, 75018 Paris, France",48.8874504,2.3498273
"rue+des+Saules,Paris,France","Rue des Saules, 75018 Paris, France",48.8891798,2.3400112
"rue+Marcel+Sembat,Paris,France","Rue Marcel Sembat, 75018 Paris, France",48.8982143,2.3382554
"rue+du+Simplon,Paris,France","Rue du Simplon, 75018 Paris, France",48.8940746,2.3492612
"rue+de+Steinkerque,Paris,France","Rue de Steinkerque, 75018 Paris, France",48.8837312,2.3435621
"rue+Tardieu,Paris,France","Rue Tardieu, 75018 Paris, France",48.8842641,2.3424968
"rue+de+Tombouctou,Paris,France","Rue de Tombouctou, Paris, France",48.8846186,2.3564279
"passage+Tourlaque,Paris,France","Passage Tourlaque, 75018 Paris, France",48.88808410000001,2.3334369
"rue+Felibien,Paris,France","Rue Felibien, 75006 Paris, France",48.8521388,2.3366617
"rue+Ferou,Paris,France","Rue Ferou, 75006 Paris, France",48.84982790000001,2.3339984
"rue+Guenegaud,Paris,France","Rue Guenegaud, 75006 Paris, France",48.8558956,2.3388959
"rue+du+Jardinet,Paris,France","Rue du Jardinet, 75006 Paris, France",48.8526244,2.3401721
"rue+Henry+de+Jouvenel,Paris,France","Rue Henry de Jouvenel, 75006 Paris, France",48.8501577,2.3339985
"place+Camille+Jullian,Paris,France","Paris, France",48.856614,2.3522219
"rue+du+Pont+de+Lodi,Paris,France","Rue du Pont de Lodi, 75006 Paris, France",48.8550429,2.340349
"rue+Madame,Paris,France","Rue Madame, 75006 Paris, France",48.8491137,2.3317256
"impasse+de+Nevers,Paris,France","Impasse de Nevers, 75006 Paris, France",48.8553615,2.3386574
"place+Saint-Germain+des+Pres,Paris,France","Place Saint-Germain des Pres, 75006 Paris, France",48.8542199,2.3335325
"rue+Amelie,Paris,France","Rue Amelie, 75007 Paris, France",48.8596527,2.3073343
"voie+B/7,Paris,France","7 Voie Georges Pompidou, 75015 Paris, France",48.83594069999999,2.2683781
"rue+de+Babylone,Paris,France","Rue de Babylone, 75007 Paris, France",48.8516845,2.3205157
"rue+du+Bac,Paris,France","Rue du Bac, 75007 Paris, France",48.85537069999999,2.324953
"allee+Maurice+Baumont,Paris,France","Allee Maurice Baumont, 75007 Paris, France",48.8580128,2.2965353
"rue+de+Belgrade,Paris,France","Rue de Belgrade, 75007 Paris, France",48.8557405,2.3018432
"rue+Sebastien+Bottin,Paris,France","Rue Sebastien Bottin, 75007 Paris, France",48.8568152,2.3284063
"rue+du+General+Camou,Paris,France","Rue du General Camou, 75007 Paris, France",48.85875919999999,2.2988697
"rue+Jean+Carries,Paris,France","Rue Jean Carries, Paris, France",48.8526792,2.2998013
"rue+du+Colonel+Combes,Paris,France","Rue du Colonel Combes, 75007 Paris, France",48.8616814,2.3060669
"place+de+l'Ecole+Militaire,Paris,France","Place de l'Ecole Militaire, 75007 Paris, France",48.8542072,2.3058078
"avenue+Frederic+Le+Play,Paris,France","Avenue Frederic le Play, 75007 Paris, France",48.854239,2.3041855
"avenue+Sully-Prudhomme,Paris,France","Avenue Sully-Prudhomme, 75007 Paris, France",48.8617286,2.3083267
"rue+Recamier,Paris,France","Rue Recamier, 75007 Paris, France",48.8521191,2.327949
"avenue+Elisee+Reclus,Paris,France","Avenue Elisee Reclus, 75007 Paris, France",48.85822109999999,2.2979618
"avenue+Silvestre+de+Sacy,Paris,France","Avenue Silvestre de Sacy, 75007 Paris, France",48.8589209,2.2968466
"square+Sedillot,Paris,France","Square Sedillot, 75007 Paris, France",48.8583092,2.3019234
"place+Andre+Tardieu,Paris,France","Place Andre Tardieu, 75007 Paris, France",48.8513531,2.3143551
"rue+Vaneau,Paris,France","Rue Vaneau, 75007 Paris, France",48.8516989,2.3190168
"rue+d'Anjou,Paris,France","Rue d'Anjou, 75008 Paris, France",48.87214549999999,2.3217873
"avenue+Gabriel,Paris,France","Avenue Gabriel, 75008 Paris, France",48.8683716,2.3163899
"avenue+Charles+Girault,Paris,France","Avenue Charles Girault, 75008 Paris, France",48.86669999999999,2.3145949
"avenue+Myron+Herrick,Paris,France","Avenue Myron Herrick, 75008 Paris, France",48.8736437,2.3100261
"avenue+Hoche,Paris,France","Avenue Hoche, 75008 Paris, France",48.8760766,2.3005214
"rue+du+Faubourg+Saint-Honore,Paris,France","Rue du Faubourg Saint-Honore, 75008 Paris, France",48.8728833,2.3106163
"rue+Arsene+Houssaye,Paris,France","Rue Arsene Houssaye, 75008 Paris, France",48.87414649999999,2.2988532
"rue+de+l'Isly,Paris,France","Rue de l'Isly, 75008 Paris, France",48.8748111,2.325834
"avenue+de+Marigny,Paris,France","Avenue de Marigny, 75008 Paris, France",48.86984,2.3153721
"rue+Clement+Marot,Paris,France","Rue Clement Marot, 75008 Paris, France",48.8676964,2.3032263
"rue+de+Monceau,Paris,France","Rue de Monceau, 75008 Paris, France",48.8780612,2.3114027
"rue+Vernet,Paris,France","Rue Vernet, 75008 Paris, France",48.8716021,2.2993378
"rue+de+Liege,Paris,France","Rue de Liege, Paris, France",48.87952139999999,2.3262887
"rue+de+Seze,Paris,France","Rue de Seze, Paris, France",48.87036879999999,2.3267103
"place+de+Beyrouth,Paris,France","Allee de Beyrouth, 93000 Bobigny, France",48.9102358,2.4650089
"rue+du+Colonel+Domine,Paris,France","Rue du Colonel Domine, 75013 Paris, France",48.8200786,2.357573
"voie+DP/13,Paris,France","Paris, France",48.856614,2.3522219
"voie+DT/13,Paris,France","13Z Voie Communale en 19, 75019 Paris, France",48.8997505,2.3780913
"rue+Marcel+Duchamp,Paris,France","Rue Marcel Duchamp, 75013 Paris, France",48.8248317,2.3687999
"square+Dunois,Paris,France","Square Dunois, 75013 Paris, France",48.8337031,2.3664734
"place+DY/13,Paris,France","13, 75015 Paris, France",48.8278352,2.2935372
"rue+Fagon,Paris,France","Rue Fagon, 75013 Paris, France",48.832549,2.3572686
"rue+des+Hautes+Formes,Paris,France","Rue des Hautes Formes, 75013 Paris, France",48.8275831,2.3653482
"rue+Nicolas+Fortin,Paris,France","Rue Nicolas Fortin, 75013 Paris, France",48.8294741,2.3586337
"rue+Gouthiere,Paris,France","Rue Gouthiere, 75013 Paris, France",48.8205476,2.3512004
"square+Grange,Paris,France","Square Grange, 75013 Paris, France",48.835823,2.344647
"rue+Max+Jacob,Paris,France","Rue Max Jacob, 75013 Paris, France",48.8201541,2.3542888
"rue+Guyton+De+Morveau,Paris,France","Rue Guyton de Morveau, 75013 Paris, France",48.82491470000001,2.3479953
"rue+de+la+Fontaine+A+Mulard,Paris,France","Rue de la Fontaine A Mulard, 75013 Paris, France",48.8229873,2.3488507
"place+du+Docteur+Navarre,Paris,France","Place Docteur Navarre, 75013 Paris, France",48.82786309999999,2.366248
"rue+Pean,Paris,France","Rue Pean, 75013 Paris, France",48.82200779999999,2.3718205
"rue+Pinel,Paris,France","Rue Pinel, 75013 Paris, France",48.83404609999999,2.3594803
"rue+Trolley+De+Prevaux,Paris,France","Rue Trolley de Prevaux, 75013 Paris, France",48.8260916,2.3725994
"rue+du+Chateau+des+Rentiers,Paris,France","Rue du Chateau des Rentiers, 75013 Paris, France",48.828305,2.3672643
"rue+Ricaut,Paris,France","Rue Ricaut, 75013 Paris, France",48.8297351,2.3614527
"rue+Nicolas+Roret,Paris,France","Rue Nicolas Roret, 75013 Paris, France",48.8358825,2.3537101
"square+de+Port-Royal,Paris,France","Square de Port-Royal, 75013 Paris, France",48.836861,2.3428965
"rue+des+Volubilis,Paris,France","Rue des Volubilis, 75013 Paris, France",48.8226944,2.3444825
"rue+Watteau,Paris,France","Rue Watteau, 75013 Paris, France",48.8350281,2.3567324
"rue+Simone+Weil,Paris,France","Rue Simone Weil, 75013 Paris, France",48.82361239999999,2.3643841
"avenue+Pierre+De+Coubertin,Paris,France","Avenue Pierre de Coubertin, Paris, France",48.8176676,2.3440473
"rue+Alain,Paris,France","Rue Alain, 75014 Paris, France",48.8368203,2.3162624
"rue+d'Alesia,Paris,France","Rue d'Alesia, Paris, France",48.8285539,2.3247595
"square+Alice,Paris,France","Square Alice, 75014 Paris, France",48.8267593,2.3139845
"impasse+Saint-Alphonse,Paris,France","Impasse Saint-Alphonse, 75014 Paris, France",48.823269,2.326832
"voie+AO/14,Paris,France","Paris, 14380, France",48.943447,-1.055286
"avenue+Paul+Appell,Paris,France","Avenue Paul Appell, 75014 Paris, France",48.8215241,2.32741
"rue+de+la+Ferme+de+Savy,Paris,France","Rue de la Ferme de Savy, 75020 Paris, France",48.8718339,2.3832909
"voie+T/20,Paris,France","Voie V 20, 75020 Paris, France",48.870057,2.390096
"rue+du+Telegraphe,Paris,France","Rue du Telegraphe, 75020 Paris, France",48.8732267,2.3992068
"rue+de+Tlemcen,Paris,France","Rue de Tlemcen, 75020 Paris, France",48.8648655,2.3880061
"rue+du+Transvaal,Paris,France","Rue du Transvaal, 75020 Paris, France",48.87164300000001,2.3876732
"voie+V/20,Paris,France","Voie V 20, 75020 Paris, France",48.870057,2.390096
"impasse+des+Vignoles,Paris,France","Impasse des Vignoles, 75020 Paris, France",48.8554569,2.4025452
"voie+Z/20,Paris,France","Voie V 20, 75020 Paris, France",48.870057,2.390096
"place+Jacob+Kaplan,Paris,France","Paris, France",48.856614,2.3522219
"allee+des+Justes+de+France,Paris,France","Allee des Justes de France, 75004 Paris, France",48.8552413,2.3557813
"villa+Robert+Doisneau,Paris,France","Villa Robert Doisneau, 75013 Paris, France",48.8262341,2.3698418
"place+Madeleine+Danielou,Paris,France","Paris, France",48.856614,2.3522219
"rue+Elsa+Morante,Paris,France","Rue Elsa Morante, 75013 Paris, France",48.8284299,2.3822857
"rue+Rudolf+Noureev,Paris,France","Rue Rudolf Noureev, 75017 Paris, France",48.89180959999999,2.3059561
"place+Edwige+Feuillere,Paris,France","Paris, France",48.856614,2.3522219
"place+Eugene+Claudius-Petit,Paris,France","Le Petit Paris, 77970 Jouy-le-Chatel, France",48.645168,3.120418
"place+Justin+Godart,Paris,France","Avenue Justin Godart, 92150 Suresnes, France",48.8739973,2.2319291
"place+Marcel+Paul,Paris,France","Place Marcel Paul, 75014 Paris, France",48.8339191,2.3193189
"promenade+Georges+Ulmer,Paris,France","Paris, France",48.856614,2.3522219
"place+Jean+Laupretre,Paris,France","Place Jean Laupretre, 75012 Paris, France",48.84673799999999,2.3871937
"voie+CO/16,Paris,France","Paris, France",48.856614,2.3522219
"place+Joseph+Epstein,Paris,France","Paris, France",48.856614,2.3522219
"rue+Louis+Lumiere,Paris,France","Rue Louis Lumiere, 75020 Paris, France",48.8607385,2.411196
"villa+des+Lyanes,Paris,France","Villa des Lyanes, 75020 Paris, France",48.8635731,2.405277
"rue+du+Groupe+Manouchian,Paris,France","Rue du Groupe Manouchian, 75020 Paris, France",48.87003559999999,2.4042947
"square+Patenne,Paris,France","Square Patenne, 75020 Paris, France",48.8498749,2.4056228
"rue+Georges+Perec,Paris,France","Rue Georges Perec, 75020 Paris, France",48.8663084,2.4076714
"square+du+Perigord,Paris,France","Square du Perigord, 75020 Paris, France",48.8546006,2.4112467
"passage+Piat,Paris,France","Passage Piat, 75020 Paris, France",48.8707065,2.3869818
"rue+Piat,Paris,France","Rue Piat, 75020 Paris, France",48.8722891,2.3845454
"rue+Malassis,Paris,France","Rue Malassis, 75015 Paris, France",48.8334664,2.2942378
"place+Charles+Michels,Paris,France","Place Charles Michels, 75015 Paris, France",48.8467937,2.2856885
"rue+Eugene+Millon,Paris,France","Rue Eugene Millon, 75015 Paris, France",48.8378546,2.2929861
"place+du+General+Monclar,Paris,France","Place du General Monclar, 75015 Paris, France",48.83364760000001,2.3092626
"cite+Morieux,Paris,France","Cite Morieux, 75015 Paris, France",48.8530725,2.2953417
"rue+Olivier+De+Serres,Paris,France","Rue Olivier de Serres, 75015 Paris, France",48.8341436,2.2953411
"cite+Thure,Paris,France","Cite Thure, 75015 Paris, France",48.8455492,2.295944
"place+Jacques+Et+Therese+Trefouel,Paris,France","Paris, France",48.856614,2.3522219
"place+des+Insurges+de+Varsovie,Paris,France","Place des Insurges de Varsovie, 75015 Paris, France",48.8274182,2.2928795
"square+Vergennes,Paris,France","Square Vergennes, 75015 Paris, France",48.83923129999999,2.3019503
"place+de+la+Porte+de+Versailles,Paris,France","Place de la Porte de Versailles, 75015 Paris, France",48.8325676,2.2871934
"boulevard+Victor,Paris,France","Boulevard Victor, 75015 Paris, France",48.8347729,2.2826312
"place+Violet,Paris,France","Place Violet, 75015 Paris, France",48.8446649,2.2904912
"rue+de+Viroflay,Paris,France","Rue de Viroflay, 75015 Paris, France",48.8425223,2.3003549
"boulevard+des+Freres+Voisin,Paris,France","Boulevard des Freres Voisin, 75015 Paris, France",48.82789529999999,2.2697345
"boulevard+de+Beausejour,Paris,France","Boulevard de Beausejour, 75016 Paris, France",48.8570594,2.2680631
"rue+de+Belloy,Paris,France","Rue de Belloy, 75116 Paris, France",48.868818,2.2921182
"hameau+Beranger,Paris,France","Hameau Beranger, 75016 Paris, France",48.852618,2.2740835
"voie+BJ/16,Paris,France","Paris, France",48.856614,2.3522219
"voie+BK/16,Paris,France","Paris, France",48.856614,2.3522219
"avenue+du+Colonel+Bonnet,Paris,France","Avenue du Colonel Bonnet, 75016 Paris, France",48.8551215,2.2787387
"voie+BQ/16,Paris,France","Paris, France",48.856614,2.3522219
"avenue+Bugeaud,Paris,France","Avenue Bugeaud, 75116 Paris, France",48.87070869999999,2.2806124
"rue+du+Buis,Paris,France","Rue du Buis, 75016 Paris, France",48.84717759999999,2.2677966
"voie+BZ/16,Paris,France","Paris, France",48.856614,2.3522219
"rue+Copernic,Paris,France","Rue Copernic, Paris, France",48.8692504,2.2887801
"rue+Corot,Paris,France","Rue Corot, 75016 Paris, France",48.8471441,2.2700338
"allee+des+Dames,Paris,France","Allee des Dames, 75016 Paris, France",48.8605179,2.2629179
"rue+Paul+Delaroche,Paris,France","Rue Paul Delaroche, 75116 Paris, France",48.8590941,2.277441500000001
"rue+Saint-Didier,Paris,France","Rue Saint-Didier, 75116 Paris, France",48.8665482,2.2852766
"rue+du+Dome,Paris,France","Rue du Dome, 75116 Paris, France",48.87160009999999,2.2912092
"rue+Dosne,Paris,France","Rue Dosne, 75116 Paris, France",48.8697435,2.2814288
"avenue+du+General+Dubail,Paris,France","Avenue du General Dubail, 75016 Paris, France",48.8538378,2.2718045
"cite+Duplan,Paris,France","Cite Duplan, 75116 Paris, France",48.8757221,2.2848843
"rue+Erlanger,Paris,France","Rue Erlanger, 75016 Paris, France",48.8458997,2.2608849
"rue+Gericault,Paris,France","Rue Gericault, 75016 Paris, France",48.8482901,2.2626769
"rue+Jean+Giraudoux,Paris,France","Rue Jean Giraudoux, 75116 Paris, France",48.8694278,2.2967836
"rue+Benjamin+Godard,Paris,France","Rue Benjamin Godard, 75116 Paris, France",48.8662113,2.275548
"rue+Greuze,Paris,France","Rue Greuze, 75116 Paris, France",48.8639306,2.283921
"rue+Gudin,Paris,France","Rue Gudin, 75016 Paris, France",48.837988,2.2592218
"rue+Guichard,Paris,France","Rue Guichard, 75116 Paris, France",48.8590639,2.2771357
"rue+du+Commandant+Guilbaud,Paris,France","Rue du Commandant Guilbaud, Paris, France",48.84042530000001,2.2515879
"rue+Joseph+Et+Marie+Hackin,Paris,France","Rue Joseph et Marie Hackin, 75116 Paris, France",48.8780247,2.279714
"rue+Ernest+Hebert,Paris,France","Rue Ernest Hebert, 75016 Paris, France",48.861155,2.2664194
"avenue+Adrien+Hebrard,Paris,France","Avenue Adrien Hebrard, 75016 Paris, France",48.8536583,2.2698754
"port+des+Saints-Peres,Paris,France","Port des Saints-Peres, Paris, France",48.85851,2.3337808
"place+Leon-Paul+Fargue,Paris,France","Paris, France",48.856614,2.3522219
"cite+de+l'Alma,Paris,France","Cite de l'Alma, 75007 Paris, France",48.8607166,2.301814
"place+du+Palais+Bourbon,Paris,France","Place du Palais Bourbon, 75007 Paris, France",48.8603746,2.3182687
"avenue+de+La+Bourdonnais,Paris,France","Avenue de la Bourdonnais, 75007 Paris, France",48.8575813,2.3002688
"avenue+du+Docteur+Brouardel,Paris,France","Avenue du Dr Brouardel, Paris, France",48.8552585,2.2957797
"rue+Las+Cases,Paris,France","Rue las Cases, 75007 Paris, France",48.8586502,2.3198363
"rue+Chomel,Paris,France","Rue Chomel, 75007 Paris, France",48.8518386,2.3247946
"rue+Cler,Paris,France","Rue Cler, 75007 Paris, France",48.8571321,2.3062216
"place+Denys+Cochin,Paris,France","Place Denys Cochin, 75007 Paris, France",48.85384579999999,2.3102397
"place+des+Invalides,Paris,France","Place des Invalides, 75007 Paris, France",48.8584133,2.3129094
"rue+Cognacq-Jay,Paris,France","Rue Cognacq Jay, 75007 Paris, France",48.8618027,2.3037139
"place+Joffre,Paris,France","Place Joffre, Paris, France",48.85269359999999,2.3031011
"rue+Barbet+de+Jouy,Paris,France","Rue Barbet de Jouy, 75007 Paris, France",48.85323959999999,2.3174976
"avenue+Pierre+Loti,Paris,France","Avenue Pierre Loti, 75007 Paris, France",48.85575859999999,2.2977765
"passage+Jean+Nicot,Paris,France","Passage Jean Nicot, 75007 Paris, France",48.8589506,2.3078715
"rue+de+Poitiers,Paris,France","Rue de Poitiers, 75007 Paris, France",48.85889659999999,2.3260678
"square+Rapp,Paris,France","Square Rapp, 75007 Paris, France",48.8587059,2.3008804
"allee+des+Refuzniks,Paris,France","Paris, France",48.856614,2.3522219
"square+de+Robiac,Paris,France","Square de Robiac, 75007 Paris, France",48.8578763,2.3047977
"rue+Quentin-Bauchart,Paris,France","Rue Quentin-Bauchart, Paris, France",48.8698067,2.3008366
"avenue+Beaucour,Paris,France","Avenue Beaucour, 75008 Paris, France",48.8775857,2.3029109
"square+Beaujon,Paris,France","Square Beaujon, 75008 Paris, France",48.8755672,2.3119258
"place+Beauvau,Paris,France","Place Beauvau, 75008 Paris, France",48.8712628,2.3163852
"place+Henri+Bergson,Paris,France","Place Henri Bergson, 75008 Paris, France",48.8761608,2.3202824
"rue+de+Berne,Paris,France","Rue de Berne, 75008 Paris, France",48.8809618,2.323164
"voie+C/8,Paris,France","8 Avenue la Voie Lactee, 92100 Boulogne-Billancourt, France",48.833357,2.2603455
"rue+Beaurepaire,Paris,France","Rue Beaurepaire, 75010 Paris, France",48.8702263,2.3637523
"rue+Louis+Blanc,Paris,France","Rue Louis Blanc, 75010 Paris, France",48.8813331,2.3647549
"passage+Brady,Paris,France","Passage Brady, 75010 Paris, France",48.87122859999999,2.3552845
"cite+Heron,Paris,France","Cite Heron, 75010 Paris, France",48.8745672,2.3650115
"cite+Hittorf,Paris,France","Cite Hittorf, 75010 Paris, France",48.8716972,2.3586684
"voie+K/10,Paris,France","10U Voie 24, 75015 Paris, France",48.8382313,2.3148912
"villa+du+Lavoir,Paris,France","Villa du Lavoir, 75010 Paris, France",48.8696519,2.3583795
"passage+des+Marais,Paris,France","Passage des Marais, 75010 Paris, France",48.8711471,2.3610096
"rue+Sainte-Marthe,Paris,France","Rue Sainte-Marthe, 75010 Paris, France",48.87403339999999,2.372021
"impasse+du+Quarante-Neuf+Faubourg+Saint-Martin,Paris,France","Porte Saint-Martin, 75010 Paris, France",48.869165,2.355674
"cite+Saint-Martin,Paris,France","Cite Saint-Martin, 75010 Paris, France",48.8728933,2.3582466
"rue+du+Faubourg+Saint-Martin,Paris,France","Rue du Faubourg Saint-Martin, 75010 Paris, France",48.8768592,2.3610026
"rue+des+Messageries,Paris,France","Rue des Messageries, 75010 Paris, France",48.8762817,2.3499091
"place+de+Roubaix,Paris,France","Rue de Paris, Tourcoing, France",50.71978319999999,3.1425181
"rue+Sibour,Paris,France","Rue Sibour, 75010 Paris, France",48.8750418,2.3583103
"rue+Jacques+Louvel-Tessier,Paris,France","Rue Jacques Louvel-Tessier, 75010 Paris, France",48.8713001,2.3702889
"rue+Tesson,Paris,France","Rue Tesson, 75010 Paris, France",48.8710745,2.3713768
"rue+de+Valenciennes,Paris,France","Rue de Valenciennes, 75010 Paris, France",48.8782056,2.3555541
"square+de+Verdun,Paris,France","Square de Verdun, 75010 Paris, France",48.87625209999999,2.3621725
"avenue+Parmentier,Paris,France","Avenue Parmentier, Paris, France",48.8650431,2.3746498
"voie+Y/18,Paris,France","18 Voie Georges Pompidou, 75004 Paris, France",48.8542125,2.3548903
"rue+Riquet,Paris,France","Rue Riquet, Paris, France",48.88968850000001,2.368097
"voie+AB/20,Paris,France","Paris, France",48.856614,2.3522219
"voie+AE/20,Paris,France","Paris, France",48.856614,2.3522219
"place+Alphonse+Allais,Paris,France","Place Alphonse Allais, 75020 Paris, France",48.8706398,2.3821267
"voie+AN/20,Paris,France","Paris, France",48.856614,2.3522219
"rue+d'Avron,Paris,France","Rue d'Avron, 75020 Paris, France",48.85244429999999,2.4046925
"rue+de+Bagnolet,Paris,France","Rue de Bagnolet, 75020 Paris, France",48.8594015,2.402614
"square+Chaure,Paris,France","Square Chaure, 75020 Paris, France",48.8672912,2.4064204
"rue+Henri+Chevreau,Paris,France","Rue Henri Chevreau, 75020 Paris, France",48.8695965,2.3893953
"rue+Victor+Dejeante,Paris,France","Rue Victor Dejeante, 75020 Paris, France",48.8671333,2.4100498
"rue+Louis+Delaporte,Paris,France","Rue Louis Delaporte, 75020 Paris, France",48.8484655,2.4131775
"rue+Louis+Delgres,Paris,France","Rue Louis Delgres, 75020 Paris, France",48.86579709999999,2.3861451
"rue+Denoyez,Paris,France","Rue Denoyez, 75020 Paris, France",48.8716274,2.378507
"passage+Dieu,Paris,France","Passage Dieu, 75020 Paris, France",48.8560335,2.403803
"voie+EJ/20,Paris,France","Paris, France",48.856614,2.3522219
"place+EK/20,Paris,France","Paris, France",48.856614,2.3522219
"rue+de+l'Ermitage,Paris,France","Rue de l'Ermitage, 75020 Paris, France",48.8712027,2.3918888
"impasse+Haxo,Paris,France","Impasse Haxo, 75020 Paris, France",48.8680718,2.4075591
"villa+Industrielle,Paris,France","Villa Industrielle, 75020 Paris, France",48.8690509,2.397341
"voie+J/20,Paris,France","Voie V 20, 75020 Paris, France",48.870057,2.390096
"rue+de+la+Justice,Paris,France","Rue de la Justice, 75020 Paris, France",48.8690843,2.4079226
"rue+Pauline+Kergomard,Paris,France","Rue Pauline Kergomard, 75020 Paris, France",48.8551657,2.4070883
"rue+Lucien+Lambeau,Paris,France","Rue Lucien Lambeau, 75020 Paris, France",48.8575643,2.412795
"rue+Emile+Landrin,Paris,France","Rue Emile Landrin, 75020 Paris, France",48.8636379,2.3983165
"cite+Leroy,Paris,France","Cite Leroy, 75020 Paris, France",48.8707275,2.3927282
"cour+Lesage,Paris,France","Cour Lesage, 75020 Paris, France",48.8730011,2.3812547
"rue+Victor+Letalle,Paris,France","Rue Victor Letalle, 75020 Paris, France",48.8669008,2.3854567
"rue+Lucien+Leuwen,Paris,France","Rue Lucien Leuwen, 75020 Paris, France",48.8604664,2.4021577
"rue+Frederic+Loliee,Paris,France","Rue Frederic Loliee, 75020 Paris, France",48.8494222,2.4058043
"rue+Mendelssohn,Paris,France","Rue Mendelssohn, 75020 Paris, France",48.8551707,2.4114185
"passage+de+la+Station+de+Menilmontant,Paris,France","Menilmontant, 75011 Paris, France",48.8666797,2.383286
"rue+de+Menilmontant,Paris,France","Rue de Menilmontant, Paris, France",48.8670985,2.3832711
"avenue+de+la+Porte+de+Menilmontant,Paris,France","Avenue de la Porte de Menilmontant, 75020 Paris, France",48.8706066,2.4095196
"cour+de+la+Metairie,Paris,France","Cour de la Metairie, 75020 Paris, France",48.8736376,2.3856859
"place+Martin+Nadaud,Paris,France","Place Martin Nadaud, 75020 Paris, France",48.865026,2.3944794
"rue+Nicolas,Paris,France","Rue Nicolas, 75020 Paris, France",48.858497,2.4093863
"rue+de+la+Cour+des+Noues,Paris,France","Rue de la Cour des Noues, 75020 Paris, France",48.8642976,2.401922
"rue+du+Docteur+Paquelin,Paris,France","Rue du Dr Paquelin, 75020 Paris, France",48.8690626,2.4026034
"place+du+Marechal+Juin,Paris,France","Place du Marechal Juin, 75017 Paris, France",48.8845547,2.2972575
"villa+Laugier,Paris,France","Villa Laugier, 75017 Paris, France",48.8823967,2.2950043
"rue+Lebouteux,Paris,France","Rue Lebouteux, 75017 Paris, France",48.8832773,2.3156939
"passage+Legendre,Paris,France","Passage Legendre, 75017 Paris, France",48.8917706,2.3265718
"rue+Emile+Level,Paris,France","Rue Emile Level, 75017 Paris, France",48.89330169999999,2.3184173
"place+du+Docteur+Felix+Lobligeois,Paris,France","Place du Dr Felix Lobligeois, 75017 Paris, France",48.8868753,2.3180743
"rue+Louis+Loucheur,Paris,France","Rue Louis Loucheur, 75017 Paris, France",48.8982172,2.3256171
"place+Aime+Maillart,Paris,France","Paris, France",48.856614,2.3522219
"avenue+Stephane+Mallarme,Paris,France","Avenue Stephane Mallarme, 75017 Paris, France",48.8865065,2.2928743
"cite+Marie,Paris,France","Cite Marie, 75017 Paris, France",48.8960543,2.319024
"passage+Pouchet,Paris,France","Passage Pouchet, 75017 Paris, France",48.8962689,2.3222253
"rue+de+Prony,Paris,France","Rue de Prony, 75017 Paris, France",48.882568,2.3036385
"boulevard+de+Reims,Paris,France","Boulevard de Reims, 75017 Paris, France",48.88989309999999,2.2981541
"rue+Des+Renaudes,Paris,France","Rue des Renaudes, Paris, France",48.8804621,2.2982184
"avenue+de+Salonique,Paris,France","Avenue de Salonique, 75017 Paris, France",48.88229,2.28394
"rue+Sauffroy,Paris,France","Rue Sauffroy, 75017 Paris, France",48.8917007,2.3211989
"rue+de+Courcelles,Paris,France","Rue de Courcelles, Paris, France",48.8812519,2.3010226
"rue+de+Rome,Paris,France","Rue de Rome, Paris, France",48.880902,2.3211028
"avenue+de+Wagram,Paris,France","Avenue de Wagram, Paris, France",48.8807817,2.3001376
"place+du+Huit+Novembre+1942,Paris,France","1942 Place du Trocadero et du 11 Novembre, 75116 Paris, France",48.863111,2.2878891
"rue+Gustave+Goublier,Paris,France","Rue Gustave Goublier, 75010 Paris, France",48.8707419,2.3558142
"rue+Georg+Friedrich+Haendel,Paris,France","Rue Georg Friedrich Haendel, 75010 Paris, France",48.87765599999999,2.367082
"rue+Hittorf,Paris,France","Rue Hittorf, 75010 Paris, France",48.8720223,2.3578881
"rue+des+Petits+Hotels,Paris,France","Rue des Petits Hotels, 75010 Paris, France",48.8774642,2.353378
"place+Napoleon+III,Paris,France","Place Napoleon III, 75010 Paris, France",48.8802483,2.3537027
"passage+de+l'Industrie,Paris,France","Passage de l'Industrie, 75010 Paris, France",48.87125200000001,2.3543612
"voie+L/10,Paris,France","10U Voie 24, 75015 Paris, France",48.8382313,2.3148912
"rue+Marie+Et+Louise,Paris,France","Rue Marie et Louise, 75010 Paris, France",48.87188070000001,2.3668846
"rue+de+Marseille,Paris,France","Rue de Marseille, 75010 Paris, France",48.8715916,2.3636141
"impasse+Sainte-Marthe,Paris,France","Impasse Sainte-Marthe, 75010 Paris, France",48.8740221,2.3724276
"rue+Boy-Zelenski,Paris,France","Paris, France",48.856614,2.3522219
"rue+Philippe+De+Girard,Paris,France","Rue Philippe de Girard, Paris, France",48.8853021,2.3612921
"rue+Amelot,Paris,France","Rue Amelot, 75011 Paris, France",48.8604659,2.3679104
"cite+de+l'Ameublement,Paris,France","Cite de l'Ameublement, 75011 Paris, France",48.8510029,2.3856635
"rue+Nicolas+Appert,Paris,France","Rue Nicolas Appert, 75011 Paris, France",48.8590345,2.3702454
"cite+de+l'Avenir,Paris,France","Cite de l'Avenir, 75011 Paris, France",48.86587900000001,2.3831514
"voie+B/11,Paris,France","11 Voie Communale H 19, 75019 Paris, France",48.87562860000001,2.386388
"rue+de+Belfort,Paris,France","Rue de Belfort, 75011 Paris, France",48.8566526,2.3839595
"passage+Saint-Bernard,Paris,France","Passage Saint-Bernard, Paris, France",48.85133279999999,2.3798263
"rue+Guillaume+Bertrand,Paris,France","Rue Guillaume Bertrand, 75011 Paris, France",48.8634964,2.3802349
"rue+de+Candie,Paris,France","Rue de Candie, 75011 Paris, France",48.8513487,2.3797316
"rue+Godefroy+Cavaignac,Paris,France","Rue Godefroy Cavaignac, 75011 Paris, France",48.85707379999999,2.3799397
"rue+de+la+Main+D'Or,Paris,France","Rue de la Main d'Or, 75011 Paris, France",48.8516323,2.3779208
"passage+Charles+Dallery,Paris,France","Passage Charles Dallery, 75011 Paris, France",48.8548659,2.3778971
"cite+Durmar,Paris,France","Cite Durmar, 75011 Paris, France",48.8657675,2.3823796
"cour+des+Fabriques,Paris,France","Cour des Fabriques, 75011 Paris, France",48.8667702,2.3750721
"rue+de+la+Croix+Faubin,Paris,France","Rue de la Croix Faubin, 75011 Paris, France",48.8580622,2.3858214
"impasse+Franchemont,Paris,France","Impasse Franchemont, 75011 Paris, France",48.85340189999999,2.383433
"rue+Froment,Paris,France","Rue Froment, 75011 Paris, France",48.85720509999999,2.372822
"rue+Leon+Frot,Paris,France","Rue Leon Frot, 75011 Paris, France",48.8557594,2.3864447
"voie+G/11,Paris,France","11 Voie Communale H 19, 75019 Paris, France",48.87562860000001,2.386388
"passage+Guenot,Paris,France","Passage Guenot, 75011 Paris, France",48.8517936,2.3912394
"rue+des+Immeubles+Industriels,Paris,France","Rue des immeubles Industriels, 75011 Paris, France",48.8495532,2.3927323
"impasse+des+Jardiniers,Paris,France","Impasse des Jardiniers, 75011 Paris, France",48.852222,2.392283
"impasse+Lamier,Paris,France","Impasse Lamier, 75011 Paris, France",48.8578841,2.3888787
"villa+du+Bois+d'Orme,Paris,France","Villa du Bois d'Orme, 75019 Paris, France",48.8763032,2.4000266
"rue+de+Beaujolais,Paris,France","Rue de Beaujolais, 75001 Paris, France",48.8662039,2.338215
"porte+Berger,Paris,France","Rue Berger, 75001 Paris, France",48.8620426,2.3430229
"rue+des+Bourdonnais,Paris,France","Rue des Bourdonnais, 75001 Paris, France",48.8594938,2.3446736
"passage+Antoine+Careme,Paris,France","Passage Antoine Careme, 75001 Paris, France",48.8608456,2.3457638
"rue+de+Castiglione,Paris,France","Rue de Castiglione, 75001 Paris, France",48.8659297,2.3278978
"rue+de+l'Arc-en-Ciel,Paris,France","Rue de l'Arc en Ciel, 93600 Aulnay-sous-Bois, France",48.938382,2.483955
"rue+Edouard+Colonne,Paris,France","Rue Edouard Colonne, 75001 Paris, France",48.8578746,2.3455279
"rue+Coquilliere,Paris,France","Rue Coquilliere, 75001 Paris, France",48.863999,2.3420877
"rue+du+Cygne,Paris,France","Rue du Cygne, 75001 Paris, France",48.86320389999999,2.3493325
"galerie+d'Orleans,Paris,France","Galerie d'Orleans, 75001 Paris, France",48.8638415,2.3374464
"passage+des+Deux+Pavillons,Paris,France","Passage des 2 Pavillons, 75001 Paris, France",48.866128,2.3390296
"esplanade+du+Neuf+Novembre+1989,Paris,France","Paris, France",48.856614,2.3522219
"voie+FA/13,Paris,France","FA/13, 75013 Paris, France",48.827406,2.3779656
"voie+Leonie+Kastner,Paris,France","Paris, France",48.856614,2.3522219
"passerelle+Leopold+Sedar+Senghor,Paris,France","Passerelle Solferino, 75007 Paris, France",48.861816,2.324701
"place+Rhin+et+Danube,Paris,France","Place de Rhin et Danube, 75019 Paris, France",48.88204,2.3929086
"promenade+Jules+Isaac,Paris,France","Paris, France",48.856614,2.3522219
"place+du+Huit+Fevrier+1962,Paris,France","Avenue des Martyrs du 8 Fevrier 1962, 94110 Arcueil, France",48.8119927,2.3374363
"notre-dame,Paris,France","Notre Dame, Paris, France",48.8527288,2.3505635
"voie+CX/15,Paris,France","Paris, France",48.856614,2.3522219
"place+Marie-Claude+Vaillant-Couturier,Paris,France","Paris, France",48.856614,2.3522219
"place+Leo+Ferre,Paris,France","Rue Leo Ferre, 92220 Bagneux, France",48.7970506,2.318455
"rue+Bruno+Coquatrix,Paris,France","Rue Bruno Coquatrix, 75009 Paris, France",48.87148269999999,2.328568
"voie+EY/20,Paris,France","Paris, France",48.856614,2.3522219
"voie+FS/13,Paris,France","Paris, France",48.856614,2.3522219
"voie+CQ/16,Paris,France","Paris, France",48.856614,2.3522219
"place+Genevieve+de+Gaulle+Anthonioz,Paris,France","Allee Genevieve Anthonioz de Gaulle, 93260 Les Lilas, France",48.8802756,2.4139046
"rue+Miguel+Hidalgo,Paris,France","Rue Miguel Hidalgo, 75019 Paris, France",48.88152100000001,2.391126
"boulevard+d'Indochine,Paris,France","Boulevard d'Indochine, 75019 Paris, France",48.8861357,2.3966555
"impasse+du+Maroc,Paris,France","Impasse du Maroc, 75019 Paris, France",48.8869234,2.3690977
"rue+de+Meaux,Paris,France","Rue de Meaux, 75019 Paris, France",48.8827855,2.3756094
"passage+de+Melun,Paris,France","Passage de Melun, 75019 Paris, France",48.8838878,2.3764152
"rue+Adolphe+Mille,Paris,France","Rue Adolphe Mille, 75019 Paris, France",48.8889664,2.3885946
"rue+Frederic+Mourlon,Paris,France","Rue Frederic Mourlon, 75019 Paris, France",48.8799494,2.3999485
"rue+Henri+Murger,Paris,France","Rue Henri Murger, 75019 Paris, France",48.8794075,2.3755788
"rue+de+l'Ourcq,Paris,France","Rue de l'Ourcq, 75019 Paris, France",48.8916955,2.3802569
"passage+du+Plateau,Paris,France","Passage du Plateau, 75019 Paris, France",48.8781309,2.3849286
"rue+Edgar+Poe,Paris,France","Rue Edgar Poe, 75019 Paris, France",48.87713429999999,2.3771058
"rue+Francis+Ponge,Paris,France","Rue Francis Ponge, 75019 Paris, France",48.8822193,2.3946931
"rue+du+Docteur+Potain,Paris,France","Rue du Dr Potain, 75019 Paris, France",48.8768683,2.3979274
"rue+de+la+Prevoyance,Paris,France","Rue de la Prevoyance, 75019 Paris, France",48.8830365,2.3932103
"rue+Rebeval,Paris,France","Rue Rebeval, Paris, France",48.8746553,2.3789103
"rue+Henri+Ribiere,Paris,France","Rue Henri Ribiere, 75019 Paris, France",48.8768768,2.3955519
"impasse+des+Rigaunes,Paris,France","Impasse des Rigaunes, 75019 Paris, France",48.8761207,2.3980802
"rue+de+Romainville,Paris,France","Rue de Romainville, Paris, France",48.8774307,2.4026171
"place+Jean+Rostand,Paris,France","Place Jean Rostand, Paris, France",48.872895,2.3765504
"rue+Labois-Rouillon,Paris,France","Rue Labois-Rouillon, Paris, France",48.8937518,2.3716425
"rue+Rouvet,Paris,France","Rue Rouvet, 75019 Paris, France",48.8939806,2.3836677
"rue+Arthur+Rozier,Paris,France","Rue Arthur Rozier, 75019 Paris, France",48.878231,2.3908463
"villa+Sonatine,Paris,France","Villa Sonatine, 75019 Paris, France",48.8895261,2.3867188
"voie+B/15,Paris,France","15 Voie d'Issy, 92240 Malakoff, France",48.8129704,2.2803882
"rue+du+Pic+de+Barrette,Paris,France","Rue du Pic de Barrette, 75015 Paris, France",48.8420077,2.2772189
"rue+Auguste+Bartholdi,Paris,France","Rue Auguste Bartholdi, 75015 Paris, France",48.8510454,2.2949544
"square+Albert+Bartholome,Paris,France","Square Albert Bartholome, 75015 Paris, France",48.82866749999999,2.2943233
"rue+Rosa+Bonheur,Paris,France","Rue Rosa Bonheur, 75015 Paris, France",48.84644850000001,2.3102594
"rue+Francois+Bonvin,Paris,France","Rue Francois Bonvin, 75015 Paris, France",48.8452387,2.3055177
"rue+Bouchut,Paris,France","Rue Bouchut, 75015 Paris, France",48.8469404,2.3100282
"voie+BV/15,Paris,France","15 Voie Voie Provisoire BV/17, 75017 Paris, France",48.8894634,2.3100708
"rue+de+Cadix,Paris,France","Rue de Cadix, 75015 Paris, France",48.83416700000001,2.289115
"rue+de+Casablanca,Paris,France","Rue de Casablanca, 75015 Paris, France",48.8388253,2.2892071
"place+du+Commerce,Paris,France","Place du Commerce, 75015 Paris, France",48.8450162,2.2924456
"rue+du+Cotentin,Paris,France","Rue du Cotentin, 75015 Paris, France",48.8386536,2.3141618
"rue+Jean+Daudin,Paris,France","Rue Jean Daudin, 75015 Paris, France",48.8452754,2.3074084
"avenue+Delecourt,Paris,France","Avenue Delecourt, 75015 Paris, France",48.84579429999999,2.2921418
"rue+Leon+Delhomme,Paris,France","Rue Leon Delhomme, 75015 Paris, France",48.8375977,2.3011799
"rue+Desaix,Paris,France","Rue Desaix, 75015 Paris, France",48.8531808,2.2934132
"rue+Auguste+Dorchain,Paris,France","Rue Auguste Dorchain, 75015 Paris, France",48.8449622,2.2980182
"allee+du+Capitaine+Dronne,Paris,France","Allee du Capitaine Dronne, 75015 Paris, France",48.8401973,2.3180704
"rue+Emile+Duclaux,Paris,France","Rue Emile Duclaux, 75015 Paris, France",48.84272350000001,2.3085676
"porte+de+l'Hippodrome,Paris,France","Avenue de l'Hippodrome, 75016 Paris, France",48.858211,2.25498
"rue+Largilliere,Paris,France","Rue Largilliere, 75016 Paris, France",48.8579157,2.2726161
"rue+de+Lasteyrie,Paris,France","Rue de Lasteyrie, 75116 Paris, France",48.8714463,2.2843249
"rue+Fantin+Latour,Paris,France","Rue Fantin Latour, 75016 Paris, France",48.8395811,2.2661232
"rue+Lekain,Paris,France","Rue Lekain, 75016 Paris, France",48.8565675,2.2783875
"rue+Suzanne+Lenglen,Paris,France","Suzanne Lenglen, 75015 Paris, France",48.832971,2.277059
"rue+de+Longchamp,Paris,France","Rue de Longchamp, Paris, France",48.8657596,2.2824821
"rue+Pierre+Louys,Paris,France","Rue Pierre Louys, 75016 Paris, France",48.8503337,2.2758981
"rue+de+Magdebourg,Paris,France","Rue de Magdebourg, 75116 Paris, France",48.8648304,2.2889741
"rue+du+Commandant+Marchand,Paris,France","Rue du Commandant Marchand, 75116 Paris, France",48.87592249999999,2.2830886
"avenue+Henri+Martin,Paris,France","Avenue Henri Martin, 75116 Paris, France",48.8640865,2.2728779
"rue+Petrarque,Paris,France","Rue Petrarque, 75116 Paris, France",48.86190149999999,2.2833749
"rue+Gerard+Philipe,Paris,France","Rue Gerard Philipe, 75116 Paris, France",48.8659683,2.2691988
"rue+Picot,Paris,France","Rue Picot, 75116 Paris, France",48.8712136,2.2821862
"avenue+Raymond+Poincare,Paris,France","Avenue Raymond Poincare, Paris, France",48.8673964,2.2859139
"impasse+des+Pretres,Paris,France","Impasse des Pretres, 75116 Paris, France",48.8648868,2.2831453
"porte+des+Princes,Paris,France","Passage des Princes, Paris, France",48.8713347,2.3391303
"square+Racan,Paris,France","Square Racan, 75016 Paris, France",48.8497916,2.2591538
"impasse+Raffet,Paris,France","Impasse Raffet, 75016 Paris, France",48.8512753,2.2648934
"avenue+du+Ranelagh,Paris,France","Avenue du Ranelagh, 75016 Paris, France",48.8584511,2.2687313
"square+Raynouard,Paris,France","Square Raynouard, 75016 Paris, France",48.8574215,2.2828027
"route+de+la+Porte+Dauphine+a+la+Porte+des+Sablons,Paris,France","Route de la Porte Dauphine a la Porte des Sablons, 75116 Paris, France",48.8742893,2.2714368
"rue+George+Sand,Paris,France","Rue George Sand, 75016 Paris, France",48.8493824,2.2690121
"villa+Victorien+Sardou,Paris,France","Villa Victorien Sardou, 75016 Paris, France",48.8432287,2.2671483
"villa+Scheffer,Paris,France","Villa Scheffer, 75116 Paris, France",48.8627772,2.2798784
"rue+du+Docteur+Germain+See,Paris,France","Rue du Dr Germain See, 75016 Paris, France",48.853637,2.2801293
"rue+Spontini,Paris,France","Rue Spontini, 75116 Paris, France",48.8686251,2.2775916
"avenue+Gustave+V+de+Suede,Paris,France","Avenue Gustave V de Suede, 75116 Paris, France",48.8615605,2.2901127
"route+d'Auteuil+A+Suresnes,Paris,France","Route d'Auteuil A Suresnes, 75016 Paris, France",48.85655,2.2437862
"pont+de+Suresnes,Paris,France","Pont de Suresnes, 75016 Paris, France",48.8667684,2.2298928
"rue+Claude+Terrasse,Paris,France","Rue Claude Terrasse, 75016 Paris, France",48.8385386,2.2619982
"avenue+des+Tilleuls,Paris,France","Avenue des Tilleuls, 75016 Paris, France",48.85101119999999,2.2636334
"place+de+Tokyo,Paris,France","Palais de Tokyo, 13 Avenue du President Wilson, 75116 Paris, France",48.8642112,2.2964671
"villa+de+la+Tour,Paris,France","Villa de la Tour, 75116 Paris, France",48.8622399,2.2781005
"rue+de+Traktir,Paris,France","Rue de Traktir, 75116 Paris, France",48.8724764,2.2919847
"voie+U/16,Paris,France","16 Voie Georges Pompidou, 75004 Paris, France",48.8542062,2.3548685
"avenue+des+Nations+Unies,Paris,France","Avenue des Nations Unies, Paris, France",48.8605806,2.2908672
"square+de+l'Union,Paris,France","Square de l'Union, 75116 Paris, France",48.8672538,2.2875702
"rue+Desbordes-Valmore,Paris,France","Rue Desbordes-Valmore, 75116 Paris, France",48.8605858,2.2770395
"rue+Verdi,Paris,France","Rue Verdi, 75116 Paris, France",48.86013579999999,2.2732842
"rue+des+Vignes,Paris,France","Rue des Vignes, 75016 Paris, France",48.8559968,2.275541
"voie+BI/17,Paris,France","Paris, France",48.856614,2.3522219
"rue+de+Bizerte,Paris,France","Rue de Bizerte, 75017 Paris, France",48.8853898,2.3238398
"rue+Paul+Borel,Paris,France","Rue Paul Borel, 75017 Paris, France",48.8847738,2.3082875
"passage+Boulay,Paris,France","Passage Boulay, 75017 Paris, France",48.8953989,2.3176092
"rue+Boursault,Paris,France","Rue Boursault, 75017 Paris, France",48.8847386,2.3192448
"rue+Arthur+Briere,Paris,France","Rue Arthur Briere, 75017 Paris, France",48.8952543,2.3271853
"rue+Cernuschi,Paris,France","Rue Cernuschi, 75017 Paris, France",48.8862611,2.3071862
"impasse+Chalabre,Paris,France","Paris, 11230 Sainte-Colombe-sur-l'Hers, France",42.947968,1.957691
"rue+La+Condamine,Paris,France","Rue la Condamine, 75017 Paris, France",48.8857606,2.3216443
"rue+Balny+D'Avricourt,Paris,France","Rue Balny d'Avricourt, 75017 Paris, France",48.8829363,2.2970222
"passage+Basfroi,Paris,France","Passage Basfroi, 75011 Paris, France",48.8555022,2.3781031
"rue+Saint-Bernard,Paris,France","Rue Saint-Bernard, Paris, France",48.8518785,2.3816822
"rue+des+Bluets,Paris,France","Rue des Bluets, 75011 Paris, France",48.8647348,2.3829449
"passage+du+Jeu+de+Boules,Paris,France","Passage du Jeu de Boules, 75011 Paris, France",48.865572,2.367078
"rue+Neuve+des+Boulets,Paris,France","Rue Neuve des Boulets, 75011 Paris, France",48.8539825,2.3890252
"cour+de+la+Maison+Brulee,Paris,France","Cour de la Maison Brulee, 75012 Paris, France",48.85175700000001,2.375236
"cour+du+Cantal,Paris,France","Cour du Cantal, 75011 Paris, France",48.8539203,2.3717305
"rue+Chanzy,Paris,France","Rue Chanzy, 75011 Paris, France",48.8526569,2.3849051
"rue+de+Charonne,Paris,France","Rue de Charonne, Paris, France",48.85448400000001,2.3843787
"cour+Damoye,Paris,France","Cour Damoye, 75011 Paris, France",48.8538588,2.3701707
"rue+Gerbier,Paris,France","Rue Gerbier, 75011 Paris, France",48.8582322,2.3864648
"rue+Gonnet,Paris,France","Rue Gonnet, 75011 Paris, France",48.84986199999999,2.3900289
"rue+Jacquard,Paris,France","Rue Jacquard, 75011 Paris, France",48.8645828,2.3731182
"esplanade+Andre+Chamson,Paris,France","Rue Andre Chamson, 31200 Toulouse, France",43.6277608,1.4597085
"rue+du+Commandant+Lamy,Paris,France","Rue du Commandant Lamy, 75011 Paris, France",48.8559923,2.3739697
"rue+Paul+Cezanne,Paris,France","Rue Paul Cezanne, 75008 Paris, France",48.8742019,2.3090449
"rue+du+Cirque,Paris,France","Rue du Cirque, 75008 Paris, France",48.8713398,2.3157204
"rue+Tronson+Du+Coudray,Paris,France","Rue Tronson du Coudray, 75008 Paris, France",48.8731405,2.3229611
"voie+D/8,Paris,France","8 Voie d'Issy, 92240 Malakoff, France",48.8139184,2.2789879
"impasse+Dany,Paris,France","Impasse Dany, 75008 Paris, France",48.877887,2.3205848
"voie+E/8,Paris,France","8 Voie Communale Viaduc de la Villette, 75019 Paris, France",48.88764,2.3811598
"rue+d'Edimbourg,Paris,France","Rue d'Edimbourg, 75008 Paris, France",48.8794096,2.3201632
"arcades+des+Champs+Elysees,Paris,France","Champs-Elysees, Paris, France",48.8657844,2.3073141
"impasse+Fortin,Paris,France","Impasse Fortin, 75008 Paris, France",48.8728389,2.3068168
"place+Francois+Ier,Paris,France","Rue Francois 1er, 75008 Paris, France",48.8676,2.30538
"rue+Francois+Ier,Paris,France","Rue Francois 1er, 75008 Paris, France",48.8676,2.30538
"rue+Greffulhe,Paris,France","Rue Greffulhe, 75008 Paris, France",48.8727993,2.3251762
"place+Georges+Guillaumin,Paris,France","Place Georges Guillaumin, 75008 Paris, France",48.8747827,2.3024661
"villa+Wagram-Saint-Honore,Paris,France","Villa Wagram-Saint-Honore, 75008 Paris, France",48.8770455,2.2987012
"rue+Interieure,Paris,France","Rue Interieure, 75008 Paris, France",48.8759799,2.3255085
"place+du+Perou,Paris,France","Place du Perou, 75008 Paris, France",48.8753448,2.3151606
"rue+de+Saint-Petersbourg,Paris,France","Rue de Saint-Petersbourg, 75008 Paris, France",48.88110830000001,2.3250657
"rue+Rabelais,Paris,France","Rue Rabelais, 75008 Paris, France",48.87098049999999,2.3123979
"cours+la+Reine,Paris,France","Cours la Reine, 75008 Paris, France",48.8648268,2.3141999
"avenue+Franklin+D.+Roosevelt,Paris,France","Avenue Franklin Roosevelt, 92150 Suresnes, France",48.8734373,2.221501
"rue+Joseph+Sansboeuf,Paris,France","Rue Joseph Sansboeuf, 75008 Paris, France",48.875466,2.3229366
"avenue+de+Selves,Paris,France","Avenue de Selves, 75008 Paris, France",48.8677891,2.3120266
"rue+de+Stockholm,Paris,France","Rue de Stockholm, 75008 Paris, France",48.8771031,2.3224327
"avenue+Edward+Tuck,Paris,France","Avenue Edward Tuck, 75008 Paris, France",48.86544500000001,2.317311
"rue+Washington,Paris,France","Rue Washington, 75008 Paris, France",48.873349,2.3033422
"rue+Ortolan,Paris,France","Rue Ortolan, 75005 Paris, France",48.84319259999999,2.3504879
"rue+Paillet,Paris,France","Rue Paillet, 75005 Paris, France",48.8466684,2.342695
"place+du+Pantheon,Paris,France","Place du Pantheon, 75005 Paris, France",48.8467002,2.3463884
"rue+Saint-Julien+Le+Pauvre,Paris,France","Rue Saint-Julien le Pauvre, 75005 Paris, France",48.8524154,2.3472371
"rue+du+Chat+Qui+Peche,Paris,France","Rue du Chat Qui Peche, 75005 Paris, France",48.8532447,2.3462325
"rue+Pestalozzi,Paris,France","Rue Pestalozzi, 75005 Paris, France",48.8421246,2.35138
"rue+Santeuil,Paris,France","Rue Santeuil, 75005 Paris, France",48.8399603,2.3544267
"rue+Frederic+Sauton,Paris,France","Rue Frederic Sauton, 75005 Paris, France",48.8506151,2.3489209
"rue+Saint-Severin,Paris,France","Rue Saint-Severin, 75005 Paris, France",48.8524673,2.3450972
"passage+de+la+Sorbonne,Paris,France","Passage Choiseul, 75002 Paris, France",48.8680834,2.3355673
"rue+de+Bourbon+Le+Chateau,Paris,France","Rue de Bourbon le Chateau, 75006 Paris, France",48.85381330000001,2.336289
"rue+des+Ciseaux,Paris,France","Rue des Ciseaux, 75006 Paris, France",48.8530355,2.3340091
"rue+Git-Le-Coeur,Paris,France","Rue Git-le-Cur, 75006 Paris, France",48.8536894,2.3426116
"rue+de+Saint-Senoch,Paris,France","Rue de Saint-Senoch, 75017 Paris, France",48.8817979,2.2938273
"rue+Sisley,Paris,France","Rue Sisley, 75017 Paris, France",48.89015819999999,2.3026404
"rue+Guillaume+Tell,Paris,France","Rue Guillaume Tell, 75017 Paris, France",48.8844033,2.2944007
"Villa+des+Ternes,Paris,France","Villa de la Grande Armee, 75017 Paris-17E-Arrondissement, France",48.875965,2.2904197
"rue+de+Tocqueville,Paris,France","Rue de Tocqueville, 75017 Paris, France",48.8859792,2.3095734
"place+Arnault+Tzanck,Paris,France","Place Arnault Tzanck, 75017 Paris, France",48.8988006,2.3227281
"square+de+Vaucluse,Paris,France","Square du Vaucluse, 75017 Paris, France",48.8895063,2.2998465
"rue+Audran,Paris,France","Rue Audran, 75018 Paris, France",48.8848615,2.3357144
"voie+B/18,Paris,France","18 Voie Georges Pompidou, 75004 Paris, France",48.8542123,2.3548901
"rue+Andre+Barsacq,Paris,France","Rue Andre Barsacq, 75018 Paris, France",48.8851721,2.3412066
"rue+Baudelique,Paris,France","Rue Baudelique, 75018 Paris, France",48.8928435,2.3474283
"voie+BC/18,Paris,France","Paris, France",48.856614,2.3522219
"voie+BE/18,Paris,France","Paris, France",48.856614,2.3522219
"rue+Becquerel,Paris,France","Rue Becquerel, 75018 Paris, France",48.8888838,2.343764
"voie+BL/18,Paris,France","18 Avenue la Voie Lactee, 92100 Boulogne-Billancourt, France",48.833382,2.2601481
"voie+BM/18,Paris,France","Paris, France",48.856614,2.3522219
"voie+BP/18,Paris,France","Paris, France",48.856614,2.3522219
"villa+Championnet,Paris,France","Villa Championnet, 75018 Paris, France",48.894116,2.3312837
"place+de+la+Chapelle,Paris,France","Place de la Chapelle, Paris, France",48.88479419999999,2.3594208
"avenue+de+la+Porte+de+la+Chapelle,Paris,France","Avenue de la Porte de la Chapelle, Paris, France",48.9006792,2.3596609
"rue+Neuve+de+la+Chardonniere,Paris,France","Rue Neuve de la Chardonniere, 75018 Paris, France",48.8950819,2.3480865
"place+Jean-Baptiste+Clement,Paris,France","Place Jean-Baptiste Clement, 75018 Paris, France",48.886764,2.3389153
"passage+des+Cloys,Paris,France","Passage des Cloys, 75018 Paris, France",48.892074,2.3364332
"rue+Jean+Cocteau,Paris,France","Rue Jean Cocteau, 75018 Paris, France",48.8995733,2.3499724
"rue+Angelique+Compoint,Paris,France","Rue Angelique Compoint, 75018 Paris, France",48.8974117,2.3350549
"passage+Cottin,Paris,France","Passage Cottin, 75018 Paris, France",48.8877879,2.3461911
"rue+de+la+Goutte+d'Or,Paris,France","Rue de la Goutte d'Or, 75018 Paris, France",48.8850256,2.3523893
"rue+Simon+Dereure,Paris,France","Rue Simon Dereure, 75018 Paris, France",48.8886473,2.336326
"rue+du+Cardinal+Dubois,Paris,France","Rue du Cardinal Dubois, 75018 Paris, France",48.8858974,2.3431633
"place+Charles+Dullin,Paris,France","Place Charles Dullin, 75018 Paris, France",48.8832579,2.3422925
"rue+Emile+Duploye,Paris,France","Rue Emile Duploye, 75018 Paris, France",48.8897426,2.3551968
"rue+Durantin,Paris,France","Rue Durantin, 75018 Paris, France",48.88637869999999,2.3360669
"rue+Esclangon,Paris,France","Rue Esclangon, 75018 Paris, France",48.8965994,2.3428211
"rue+de+l'Evangile,Paris,France","Rue de l'Evangile, 75018 Paris, France",48.8940147,2.365255
"rue+Jean-Henri+Fabre,Paris,France","Rue Jean-Henri Fabre, Paris, France",48.9011804,2.3393095
"rue+Feutrier,Paris,France","Rue Feutrier, 75018 Paris, France",48.8867274,2.345473
"rue+Paul+Feval,Paris,France","Rue Paul Feval, 75018 Paris, France",48.8888462,2.3410547
"rue+Lepic,Paris,France","Rue Lepic, 75018 Paris, France",48.8858379,2.3347972
"voie+CD/17,Paris,France","Paris, France",48.856614,2.3522219
"place+du+Reverend+Pere+Carre,Paris,France","Paris, France",48.856614,2.3522219
"villa+Meridienne,Paris,France","Villa Meridienne, 75014 Paris, France",48.8256904,2.3361538
"allee+Jean+Sablon,Paris,France","Allee Jean Sablon, 75016 Paris, France",48.8576639,2.268535
"rue+d'Alger,Paris,France","Rue d'Alger, 75001 Paris, France",48.8653118,2.329765
"allee+Louis+Aragon,Paris,France","Allee Louis Aragon, 75001 Paris, France",48.8628222,2.3433943
"passage+de+l'+Yonne,Paris,France","Passage de l'Yonne, 75012 Paris, France",48.8324781,2.3857232
"villa+des+Guignieres,Paris,France","Villa des Guignieres, 75016 Paris, France",48.8567367,2.2755707
"boulevard+du+General+Jean+Simon,Paris,France","Boulevard du General Jean Simon, 75013 Paris, France",48.8254867,2.3812463
"peristyle+de+Chartres,Paris,France","Peristyle de Chartres, 75001 Paris, France",48.8637227,2.3364127
"rue+de+la+Cossonnerie,Paris,France","Rue de la Cossonnerie, 75001 Paris, France",48.8613584,2.3489456
"galerie+de+la+Cour+d'Honneur,Paris,France","Galerie de la Cour d'Honneur, 75001 Paris, France",48.863814,2.3371646
"place+des+Deux+Ecus,Paris,France","Place des 2 Ecus, 75001 Paris, France",48.8629886,2.3416414
"place+Pierre+Emmanuel,Paris,France","Paris, France",48.856614,2.3522219
"rue+Coq+Heron,Paris,France","Rue Coq Heron, 75001 Paris, France",48.8642815,2.3422445
"passage+de+la+Reine+de+Hongrie,Paris,France","Passage de la Reine de Hongrie, 75001 Paris, France",48.8638996,2.3460437
"peristyle+de+Joinville,Paris,France","Peristyle de Joinville, 75001 Paris, France",48.8661559,2.3377882
"porte+du+Jour,Paris,France","Rue du Jour, 75001 Paris, France",48.8637072,2.3446188
"rue+du+Jour,Paris,France","Rue du Jour, 75001 Paris, France",48.8637072,2.3446188
"rue+de+La+Sourdiere,Paris,France","Rue de la Sourdiere, 75001 Paris, France",48.8658779,2.3321852
"passage+des+Verrieres,Paris,France","Rue des Verrieres, 92310 Sevres, France",48.812188,2.2087847
"impasse+des+Trois+Visages,Paris,France","Impasse des 3 Visages, 75001 Paris, France",48.8590062,2.3444938
"rue+Montorgueil,Paris,France","Rue Montorgueil, Paris, France",48.8647597,2.3467935
"boulevard+de+Sebastopol,Paris,France","Boulevard de Sebastopol, Paris, France",48.86340389999999,2.3509163
"boulevard+du+Palais,Paris,France","Boulevard du Palais, 75001 Paris, France",48.8552985,2.3458713
"pont+Saint-Michel,Paris,France","Pont Saint-Michel, 75001 Paris, France",48.8540566,2.3446212
"pont+du+Carrousel,Paris,France","Pont du Carrousel, Paris, France",48.8593912,2.3329418
"pont+Royal,Paris,France","Pont Royal, Paris, France",48.8602795,2.3300215
"rue+d'Argout,Paris,France","Rue d'Argout, 75002 Paris, France",48.8658989,2.343497
"cour+Greneta,Paris,France","Paris, France",48.856614,2.3522219
"rue+Mehul,Paris,France","Rue Mehul, 75002 Paris, France",48.8674412,2.3346779
"rue+de+la+Ville+Neuve,Paris,France","Rue de la ville Neuve, Paris, France",48.8699532,2.3486361
"rue+Saint-Philippe,Paris,France","Rue Saint-Philippe, 75002 Paris, France",48.8687694,2.3495752
"rue+du+Ponceau,Paris,France","Rue du Ponceau, 75002 Paris, France",48.8667951,2.3517894
"rue+Saint-Spire,Paris,France","Rue Saint-Spire, 75002 Paris, France",48.8683864,2.3503004
"rue+Marie+Stuart,Paris,France","Rue Marie Stuart, 75002 Paris, France",48.865014,2.3479045
"rue+d'Uzes,Paris,France","Rue d'Uzes, 75002 Paris, France",48.8703601,2.3456305
"rue+Notre-Dame+des+Victoires,Paris,France","Rue Notre Dame des Victoires, 75002 Paris, France",48.8680736,2.3417222
"rue+Sainte-Apolline,Paris,France","Rue Sainte-Apolline, 75002 Paris, France",48.8689373,2.3540252
"rue+Greneta,Paris,France","Rue Greneta, Paris, France",48.865132,2.3503463
"boulevard+Saint-Denis,Paris,France","Boulevard Saint-Denis, Paris, France",48.8693971,2.3538924
"boulevard+des+Italiens,Paris,France","Boulevard des Italiens, Paris, France",48.8714681,2.3370427
"passage+Alombert,Paris,France","Passage Alombert, 75003 Paris, France",48.8641376,2.3566396
"passage+de+l'Ancre,Paris,France","Passage de l'Ancre, 75003 Paris, France",48.8643794,2.3526279
"passage+Barrois,Paris,France","Passage Barrois, 75003 Paris, France",48.8642294,2.3563593
"rue+des+Filles+Du+Calvaire,Paris,France","Rue des Filles du Calvaire, 75003 Paris, France",48.8625146,2.3656048
"rue+Michel+Le+Comte,Paris,France","Rue Michel le Comte, 75003 Paris, France",48.8623982,2.3555029
"rue+du+Roi+Dore,Paris,France","Rue du Roi Dore, 75003 Paris, France",48.8601134,2.3641202
"rue+des+Coutures+Saint-Gervais,Paris,France","Rue des Coutures Saint-Gervais, 75003 Paris, France",48.860117,2.3622326
"place+Constantin+Brancusi,Paris,France","Paris, France",48.856614,2.3522219
"rue+Bruller,Paris,France","Rue Bruller, 75014 Paris, France",48.8281652,2.3348307
"boulevard+Brune,Paris,France","Boulevard Brune, Paris, France",48.825397,2.3154348
"rue+Auguste+Cain,Paris,France","Rue Auguste Cain, 75014 Paris, France",48.8259407,2.3206651
"rue+de+l'Abbe+Carton,Paris,France","Rue de l'Abbe Carton, 75014 Paris, France",48.8291008,2.3175823
"place+de+Catalogne,Paris,France","Place de Catalogne, 75014 Paris, France",48.8370008,2.3186182
"rue+Cels,Paris,France","Rue Cels, 75014 Paris, France",48.8366997,2.324119
"square+de+Chatillon,Paris,France","Square de Chatillon, 75014 Paris, France",48.8257128,2.3229683
"rue+de+Chatillon,Paris,France","Rue de Chatillon, 75014 Paris, France",48.82760090000001,2.3231487
"rue+Victor+Considerant,Paris,France","Rue Victor Considerant, 75014 Paris, France",48.8350675,2.3316333
"rue+de+Gergovie,Paris,France","Rue de Gergovie, Paris, France",48.8331871,2.3158766
"rue+Furtado+Heine,Paris,France","Rue Furtado Heine, 75014 Paris, France",48.8299649,2.3192096
"rue+Fernand+Holweck,Paris,France","Rue Fernand Holweck, 75014 Paris, France",48.8345772,2.314657
"rue+du+General+Humbert,Paris,France","Rue du General Humbert, 75014 Paris, France",48.8265913,2.3076203
"rue+Huygens,Paris,France","Rue Huyghens, 75014 Paris, France",48.84086050000001,2.3286881
"boulevard+Saint-Jacques,Paris,France","Boulevard Saint-Jacques, 75014 Paris, France",48.8328321,2.3367797
"passage+Joanes,Paris,France","Passage Joanes, 75014 Paris, France",48.8285501,2.3168883
"rue+des+Jonquilles,Paris,France","Rue des Jonquilles, 75014 Paris, France",48.830216,2.3090623
"rue+Jonquoy,Paris,France","Rue Jonquoy, 75014 Paris, France",48.8295647,2.315211
"rue+Pierre+Larousse,Paris,France","Rue Pierre Larousse, 75014 Paris, France",48.8294215,2.3135882
"rue+Robert+De+Flers,Paris,France","Rue Robert de Flers, 75015 Paris, France",48.8497697,2.2843927
"villa+Fondary,Paris,France","Villa Fondary, 75015 Paris, France",48.8467715,2.2981077
"rue+Fondary,Paris,France","Rue Fondary, 75015 Paris, France",48.8474789,2.294792
"rue+Cesar+Franck,Paris,France","Rue Cesar Franck, 75015 Paris, France",48.8473338,2.3097637
"rue+Fremicourt,Paris,France","Rue Fremicourt, 75015 Paris, France",48.8475079,2.2988236
"voie+G/15,Paris,France","15 Voie d'Issy, 92240 Malakoff, France",48.8129704,2.2803882
"rue+Gager-Gabillot,Paris,France","Rue Gager-Gabillot, 75015 Paris, France",48.8373529,2.3059988
"rue+Vasco+De+Gama,Paris,France","Rue Vasco de Gama, 75015 Paris, France",48.83685029999999,2.2835929
"rue+Gerbert,Paris,France","Rue Gerbert, 75015 Paris, France",48.8392747,2.298406
"place+de+la+Montagne+du+Goulet,Paris,France","Place de la Montagne du Goulet, 75015 Paris, France",48.8443108,2.2776731
"rue+du+Commandant+Leandri,Paris,France","Rue du Commandant Leandri, 75015 Paris, France",48.8386954,2.2924333
"rue+Lecourbe,Paris,France","Rue Lecourbe, 75015 Paris, France",48.84027620000001,2.2951949
"rue+Lefebvre,Paris,France","Rue Lefebvre, 75015 Paris, France",48.8315997,2.2922329
"rue+Leontine,Paris,France","Rue Leontine, 75015 Paris, France",48.84375319999999,2.2788404
"rue+du+Lieuvin,Paris,France","Rue du Lieuvin, 75015 Paris, France",48.8311602,2.3050438
"rue+de+Lourmel,Paris,France","Rue de Lourmel, 75015 Paris, France",48.84358599999999,2.2863257
"rue+du+Marche+des+Patriarches,Paris,France","Rue du Marche des Patriarches, 75005 Paris, France",48.8405609,2.3510532
"rue+du+Petit+Pont,Paris,France","Rue du Petit Pont, 75005 Paris, France",48.8524955,2.3464722
"rue+de+Pontoise,Paris,France","Rue de Pontoise, 75005 Paris, France",48.8495455,2.351755
"rue+Thouin,Paris,France","Rue Thouin, 75005 Paris, France",48.8448468,2.3486181
"rue+Pascal,Paris,France","Rue Pascal, Paris, France",48.8360014,2.3484708
"rue+des+Beaux-Arts,Paris,France","Rue des Beaux Arts, 75006 Paris, France",48.8563959,2.3355933
"rue+Saint-Andre+des+Arts,Paris,France","Rue Saint-Andre des Arts, 75006 Paris, France",48.8533878,2.340899
"rue+des+Grands+Augustins,Paris,France","Rue des Grands Augustins, 75006 Paris, France",48.8543692,2.3406923
"voie+B/6,Paris,France","6 Voie Communale H 12, 75012 Paris, France",48.8342463,2.394798
"rue+Jacques+Callot,Paris,France","Rue Jacques Callot, 75006 Paris, France",48.8552754,2.337546
"rue+des+Canettes,Paris,France","Rue des Canettes, 75006 Paris, France",48.8518211,2.3337071
"rue+du+Canivet,Paris,France","Rue du Canivet, 75006 Paris, France",48.8501577,2.3339985
"rue+Cardinale,Paris,France","Rue Cardinale, 75006 Paris, France",48.8542254,2.3361266
"rue+Notre-Dame+des+Champs,Paris,France","Rue Notre Dame des Champs, 75006 Paris, France",48.84345810000001,2.3312252
"quai+de+Conti,Paris,France","Quai de Conti, 75006 Paris, France",48.8571638,2.338688
"rue+Dauphine,Paris,France","Rue Dauphine, 75006 Paris, France",48.8548541,2.3394445
"rue+Casimir+Delavigne,Paris,France","Rue Casimir Delavigne, 75006 Paris, France",48.850441,2.3392599
"rue+de+Fleurus,Paris,France","Rue de Fleurus, 75006 Paris, France",48.84707580000001,2.3299924
"rue+Garanciere,Paris,France","Rue Garanciere, 75006 Paris, France",48.8503462,2.3358197
"rue+Herschel,Paris,France","Rue Herschel, Paris, France",48.84338899999999,2.3375171
"rue+Lobineau,Paris,France","Rue Lobineau, 75006 Paris, France",48.85173109999999,2.3363779
"rue+Mabillon,Paris,France","Rue Mabillon, 75006 Paris, France",48.8521939,2.3352289
"rue+Mayet,Paris,France","Rue Mayet, 75006 Paris, France",48.8466287,2.3189577
"rue+de+Medicis,Paris,France","Rue de Medicis, 75006 Paris, France",48.84842140000001,2.3394379
